title,full_text,sentiment
üá∫üá∏ ARTWORK REVEAL - Deadpool and Wolverine (4K UHD + Blu-ray + Digital Steelbooks), ARTWORK REVEAL - Deadpool and Wolverine (4K UHD + Blu-ray + Digital Steelbooks) ,neutral
Where to watch Deadpool And Wolverine? For free would be great,"Where to watch Deadpool And Wolverine? For free would be great Hello, I know it's not out yet. But where it will be available fo",positive
to watch the new Deadpool and Wolverine movie,to watch the new Deadpool and Wolverine movie ,positive
Brian Cox on current Cinema and ‚ÄòDeadpool and Wolverin‚Äô - ‚ÄúI think cinema is in a very bad way.‚Äù,Brian Cox on current Cinema and Deadpool and Wolverin - I think cinema is in a very bad way. ,negative
Every alternate Wolverine in Deadpool and Wolverine ,"Every alternate Wolverine in Deadpool and Wolverine  Logan's corpse. Comic accurate 5'3"" Logan. Weapon X (Age of Apocalypse). Pa",positive
"Deadpool & Wolverine - I know this won't be a popular take, but I am incredibly disappointed...","Deadpool & Wolverine - I know this won't be a popular take, but I am incredibly disappointed... **Tl;dr - Deadpool & Wolverine i",negative
Funniest part of Deadpool and Wolverine?,"Funniest part of Deadpool and Wolverine? For me, its really hard to decide but the whole scene with the Deadpool corps was reall",positive
Official Discussion - Deadpool & Wolverine [SPOILERS],"Official Discussion - Deadpool & Wolverine [SPOILERS] #Poll

**If you've seen the film, please rate it [at this poll](https://st",positive
Deadpool and Wolverine wasn't quite what I had expected ,Deadpool and Wolverine wasn't quite what I had expected  I had figured that it would be a way to get Ryan Reynolds' Deadpool int,positive
Deadpool & Wolverine Movie - Discussion Hub - Spoilers Inside!,"Deadpool & Wolverine Movie - Discussion Hub - Spoilers Inside! - Movie: Deadpool & Wolverine
- Runtime: 127 minutes
- Released: ",positive
Ryan Reynolds offered this actor cue cards for his monologue in Deadpool & Wolverine but declined because he ‚Äúmemorized‚Äù it and ,Ryan Reynolds offered this actor cue cards for his monologue in Deadpool & Wolverine but declined because he memorized it and en,positive
"With the release of Deadpool and Wolverine, only one MCU character has appeared in every phase so far‚Ä¶","With the release of Deadpool and Wolverine, only one MCU character has appeared in every phase so far Honourable Mention: Samuel",neutral
In every 3rd movie a hero lost something what did deadpool lose in deadpool and wolverine?,In every 3rd movie a hero lost something what did deadpool lose in deadpool and wolverine? ,neutral
Where was he during the events of Deadpool and Wolverine?,Where was he during the events of Deadpool and Wolverine? ,neutral
Taylor Swift promotes the new Deadpool and Wolverine movie in her Instagram stories.,Taylor Swift promotes the new Deadpool and Wolverine movie in her Instagram stories. ,positive
"In Deadpool and Wolverine, there's a pivotal scene where I don't say anything about this movie, because it just came out a coupl","In Deadpool and Wolverine, there's a pivotal scene where I don't say anything about this movie, because it just came out a coupl",positive
What cameos do you wish were in Deadpool and Wolverine?,What cameos do you wish were in Deadpool and Wolverine? The cameos were great but I do have some cameos in mind that wouldve rea,positive
"Box Office: ‚ÄòDeadpool & Wolverine‚Äô Lands 8th Biggest Opening of All Time in U.S. With $205M, Makes R-Rated History - The Shawn L","Box Office: Deadpool & Wolverine Lands 8th Biggest Opening of All Time in U.S. With $205M, Makes R-Rated History - The Shawn Lev",positive
The positive fan reception to Deadpool and Wolverine (2024) subtly highlights how Marvel's fumbles in recent years haven't come ,The positive fan reception to Deadpool and Wolverine (2024) subtly highlights how Marvel's fumbles in recent years haven't come ,negative
Ryan Reynolds and Marvel announces that 'Deadpool & Wolverine' has officially become the highest grossing R-rated movie of all t,Ryan Reynolds and Marvel announces that 'Deadpool & Wolverine' has officially become the highest grossing R-rated movie of all t,neutral
MTTSH: Hugh Jackman is set to stay as Wolverine after Avengers Secret Wars. He and Ryan Reynolds want to make more Deadpool & Wo,MTTSH: Hugh Jackman is set to stay as Wolverine after Avengers Secret Wars. He and Ryan Reynolds want to make more Deadpool & Wo,positive
Ryan Reynolds praises an actress who returned to reprise her role in Deadpool and Wolverine,Ryan Reynolds praises an actress who returned to reprise her role in Deadpool and Wolverine ,neutral
"‚ÄòDeadpool & Wolverine‚Äô Sets Oscar Campaigns, Including Hugh Jackman for Supporting Actor and More ","Deadpool & Wolverine Sets Oscar Campaigns, Including Hugh Jackman for Supporting Actor and More  ",positive
Alpine‚Äôs special Deadpool and Wolverine livery for 2024 Belgian Grand Prix,Alpines special Deadpool and Wolverine livery for 2024 Belgian Grand Prix ,positive
Deadpool and Wolverine Medical center,Deadpool and Wolverine Medical center Did anyone notice that in the scene shortly after nice pool dies and wolverine and Deadpoo,positive
"In ‚ÄúDeadpool and Wolverine‚Äù (2024) the word ‚ÄòFuck‚Äô was used 118 times. If you‚Äôre not familiar with this word, according to Cambr","In Deadpool and Wolverine (2024) the word Fuck was used 118 times. If youre not familiar with this word, according to Cambridge ",negative
"Blake Lively and Ryan Reynolds attend the ""Deadpool & Wolverine"" New York after-party","Blake Lively and Ryan Reynolds attend the ""Deadpool & Wolverine"" New York after-party ",positive
This savage Deadpool and Wolverine feature at the store throwing shades at DC. Saw this online.,This savage Deadpool and Wolverine feature at the store throwing shades at DC. Saw this online. ,neutral
In Deadpool and Wolverine (2024) Channing Tatum (Gambit) acted each exchange with Deadpool 3 ways in 3 different takes: 1.  He k,In Deadpool and Wolverine (2024) Channing Tatum (Gambit) acted each exchange with Deadpool 3 ways in 3 different takes: 1.  He k,neutral
"Robert Downey Jr. Read 'Deadpool and Wolverine' Cameo, Turned It Down","Robert Downey Jr. Read 'Deadpool and Wolverine' Cameo, Turned It Down ",negative
"Live Schreiber was okay with not returning as Sabertooth in ‚ÄòDeadpool & Wolverine‚Äô - ‚Äú‚Ä¶I watched Hugh get himself ready again, a","Live Schreiber was okay with not returning as Sabertooth in Deadpool & Wolverine - I watched Hugh get himself ready again, and I",positive
Ryan Reynolds Is ‚ÄòSurprised‚Äô Disney Allowed ‚ÄòDeadpool and Wolverine‚Äô to Be So Hard R: ‚ÄòIt‚Äôs a Huge Step for Them‚Äô and I‚Äôm Not Tr,Ryan Reynolds Is Surprised Disney Allowed Deadpool and Wolverine to Be So Hard R: Its a Huge Step for Them and Im Not Trying to ,positive
Easter Eggs - Wolverine and Deadpool,"Easter Eggs - Wolverine and Deadpool Does anyone have a list of hidden Easter Eggs for Deadpool and Wolverine? 

Like stuff peop",positive
"Deadpool & Wolverine‚Äô grossed an estimated $438.3 million globally this weekend, including $205 million domestically, making it ","Deadpool & Wolverine grossed an estimated $438.3 million globally this weekend, including $205 million domestically, making it t",neutral
Anyone else catch this reference to Sam Raimi's Spider-Man in Deadpool and Wolverine? üòÆ‚Äçüí®üî•,Anyone else catch this reference to Sam Raimi's Spider-Man in Deadpool and Wolverine?  ,neutral
"Hugh Jackman recreates the Wolverine meme: ""Wolverine and Deadpool is the #1 movie in the world. Thank you ALL!""","Hugh Jackman recreates the Wolverine meme: ""Wolverine and Deadpool is the #1 movie in the world. Thank you ALL!"" ",neutral
"I went to go see Deadpool and Wolverine (2024) in theatre yesterday, and I really enjoyed it. This is a reference to the fact th","I went to go see Deadpool and Wolverine (2024) in theatre yesterday, and I really enjoyed it. This is a reference to the fact th",negative
"Blake Lively, Gigi Hadid and Ryan Reynolds at the ""Deadpool & Wolverine"" premiere in New York ","Blake Lively, Gigi Hadid and Ryan Reynolds at the ""Deadpool & Wolverine"" premiere in New York  ",positive
"Deadpool and Wolverine (2024) features Logan's comic-accurate yellow costume, which I spent months clowning on because of how st","Deadpool and Wolverine (2024) features Logan's comic-accurate yellow costume, which I spent months clowning on because of how st",negative
"I was just wondering, how are the casual MCU fans handling Deadpool and Wolverine's R-rating?","I was just wondering, how are the casual MCU fans handling Deadpool and Wolverine's R-rating? ",negative
"After Deadpool and Wolverine, could the white eyes work in live action?","After Deadpool and Wolverine, could the white eyes work in live action? ",positive
"So now that Deadpool and Wolverine is out, which movie do you think is the best?","So now that Deadpool and Wolverine is out, which movie do you think is the best? In my opinion, Deadpool 2 was the best film. Jo",positive
"Marvel planted fake leaks to hide Deadpool and Wolverine's biggest cameos: ""There may been some misdirections on the internet""","Marvel planted fake leaks to hide Deadpool and Wolverine's biggest cameos: ""There may been some misdirections on the internet"" I",negative
Deadpool and Wolverine multiverse headcanon can help explain the Fox Universe‚Äôs ‚Äúinconsistencies‚Äù,Deadpool and Wolverine multiverse headcanon can help explain the Fox Universes inconsistencies The movie designates the Fox univ,positive
"Imagine no Deadpool 3 set photos and leaks came out, the 1 second shot of Wolverine at the end of the teaser would‚Äôve exploded t","Imagine no Deadpool 3 set photos and leaks came out, the 1 second shot of Wolverine at the end of the teaser wouldve exploded th",positive
Deadpool and Wolverine New Trailer,Deadpool and Wolverine New Trailer ,positive
"Shawn Levy does not really enjoy when people act like ""Deadpool and Wolverine"" cameos were for ""shock and awe"" only.","Shawn Levy does not really enjoy when people act like ""Deadpool and Wolverine"" cameos were for ""shock and awe"" only. Source: htt",negative
Todd Phillips (director of Joker) congratulates Shawn Levy and Ryan Reynolds on ‚ÄòDeadpool & Wolverine‚Äô becoming Highest Grossing,Todd Phillips (director of Joker) congratulates Shawn Levy and Ryan Reynolds on Deadpool & Wolverine becoming Highest Grossing R,positive
"Hey /r/movies - I‚Äôm actor Aaron Stanford, and I play Pyro in ""Deadpool & Wolverine"" which is out now in theaters. You also might","Hey /r/movies - Im actor Aaron Stanford, and I play Pyro in ""Deadpool & Wolverine"" which is out now in theaters. You also might ",negative
Deadpool and Wolverine gets an A on Cinemascore,Deadpool and Wolverine gets an A on Cinemascore ,neutral
"In fucking Deadpool and Wolverine (2024), they fucking broke the fucking record for the most fucking ‚Äúfucks,‚Äù ‚Äúfuck,‚Äù ‚Äúfucking,‚Äù","In fucking Deadpool and Wolverine (2024), they fucking broke the fucking record for the most fucking fucks, fuck, fucking, and f",negative
Taylor Swift congratulates Ryan Reynolds on the release of ‚ÄòDeadpool and Wolverine‚Äô.,Taylor Swift congratulates Ryan Reynolds on the release of Deadpool and Wolverine. ,neutral
"Blake Lively and Gigi Hadid attend the ""Deadpool & Wolverine"" New York Premiere.","Blake Lively and Gigi Hadid attend the ""Deadpool & Wolverine"" New York Premiere. ",positive
Robert Downey Jr. Cameo Was Written for ‚ÄòDeadpool & Wolverine‚Äô (Interview with Rhett Reese and Paul Wernick),Robert Downey Jr. Cameo Was Written for Deadpool & Wolverine (Interview with Rhett Reese and Paul Wernick) ,neutral
If you could add someone to Deadpool and Wolverine who would you choose?,If you could add someone to Deadpool and Wolverine who would you choose? ,neutral
Chris Hemsworth congratulated Ryan And Hugh on Deadpool and Wolverine‚Äôs success,Chris Hemsworth congratulated Ryan And Hugh on Deadpool and Wolverines success ,positive
Deadpool & Wolverine Then and Now,Deadpool & Wolverine Then and Now ,neutral
Saw Deadpool vs. Wolverine with my husband and there were a bunch of little kids there. ,Saw Deadpool vs. Wolverine with my husband and there were a bunch of little kids there.  And then I was scrolling on TikTok and ,positive
"Deadpool and Wolverine estimates came in way higher. $211M for DEADPOOL & WOLVERINE‚Äî#6 top opener of all time, of any time.","Deadpool and Wolverine estimates came in way higher. $211M for DEADPOOL & WOLVERINE#6 top opener of all time, of any time. ",positive
"Marvel planted fake leaks to hide Deadpool and Wolverine's biggest cameos: ""There may been some misdirections on the internet""","Marvel planted fake leaks to hide Deadpool and Wolverine's biggest cameos: ""There may been some misdirections on the internet"" ",negative
Vinnie Jones Turned Down Returning as The Juggernaut in ‚ÄòDeadpool and Wolverine‚Äô - ‚ÄúIt‚Äôs such drama putting that suit on‚Äù,Vinnie Jones Turned Down Returning as The Juggernaut in Deadpool and Wolverine - Its such drama putting that suit on https://www,negative
"Deadpool And Wolverine fanart I made, hope you all like it","Deadpool And Wolverine fanart I made, hope you all like it ",neutral
There the 2 Yukios from the Wolverine and Deadpool 2 the same character?,There the 2 Yukios from the Wolverine and Deadpool 2 the same character? ,neutral
Hugh Jackman and another old dude behind the scenes of ‚ÄòDEADPOOL & WOLVERINE‚Äô,Hugh Jackman and another old dude behind the scenes of DEADPOOL & WOLVERINE ,negative
How many times have you guys seen Deadpool and Wolverine in theaters?,How many times have you guys seen Deadpool and Wolverine in theaters? ,positive
‚ÄòDeadpool 3‚Äô First Look: Hugh Jackman Debuts Wolverine‚Äôs Classic Yellow-Blue Suit and Teams Up With Ryan Reynolds,Deadpool 3 First Look: Hugh Jackman Debuts Wolverines Classic Yellow-Blue Suit and Teams Up With Ryan Reynolds ,positive
Apparently there was something going on between Rob Liefeld (creator of Deadpool) and Disney. Maybe it's DEADPOOL & WOLVERINE re,Apparently there was something going on between Rob Liefeld (creator of Deadpool) and Disney. Maybe it's DEADPOOL & WOLVERINE re,positive
Why is this so fucking rare? Why can't they just rerelease this to capitalise on the success of deadpool and wolverine?,Why is this so fucking rare? Why can't they just rerelease this to capitalise on the success of deadpool and wolverine? ,positive
Something I noticed in Deadpool and Wolverine (SPOILERS),"Something I noticed in Deadpool and Wolverine (SPOILERS) I noticed the payoff to this scene from X-MEN Origins: Wolverine!

I th",positive
Anyone think Wade and Vanessa aren't on good terms in the trailer of Deadpool and Wolverine?,Anyone think Wade and Vanessa aren't on good terms in the trailer of Deadpool and Wolverine? ,positive
A behind the scenes photo of Deadpool and Wolverine,A behind the scenes photo of Deadpool and Wolverine ,negative
"Now That It's Been Out Awhile, What Was Everyone's Thoughts On Deadpool And Wolverine?","Now That It's Been Out Awhile, What Was Everyone's Thoughts On Deadpool And Wolverine? ",neutral
A life-size Deadpool and Wolverine cake,A life-size Deadpool and Wolverine cake Credit goes to Lara Cakes,neutral
"Hugh Jackman‚Äôs Wolverine in ‚ÄòDeadpool 3‚Äô Is a ‚ÄòDivergence‚Äô From the ‚ÄòX-Men‚Äô Films and ‚ÄòSomething Completely New,‚Äô Says Ryan Reyn","Hugh Jackmans Wolverine in Deadpool 3 Is a Divergence From the X-Men Films and Something Completely New, Says Ryan Reynolds. ",positive
Dafne Keen says she had to tell Channing Tatum to stop saying his lines while she was filming her scenes for ‚ÄòDEADPOOL & WOLVERI,Dafne Keen says she had to tell Channing Tatum to stop saying his lines while she was filming her scenes for DEADPOOL & WOLVERIN,neutral
Ryan Reynold's reaction on getting Kojma approved for Deadpool and Wolverine.,Ryan Reynold's reaction on getting Kojma approved for Deadpool and Wolverine. ,neutral
Deadpool and Wolverine Deadpool Corps question ,Deadpool and Wolverine Deadpool Corps question  What was their motivation for wanting to stop Deadpool Prime and Wolverine? Cass,neutral
Deadpool and Wolverine now sits at $824M worldwide ,Deadpool and Wolverine now sits at $824M worldwide  ,neutral
Not as straight as I thought I was after watching Deadpool and Wolverine,Not as straight as I thought I was after watching Deadpool and Wolverine This is genuinely the funniest thing that has ever happ,positive
"in Spiderman: No Way Home 2021, it is suggested that all the cinematic versions of marvel franchises exist somewhere in the mult","in Spiderman: No Way Home 2021, it is suggested that all the cinematic versions of marvel franchises exist somewhere in the mult",negative
"Jennifer Garner on Instagram: ""Roomates üôÑ #DeadpoolAndWolverine""","Jennifer Garner on Instagram: ""Roomates  #DeadpoolAndWolverine"" ",neutral
New Deadpool and Wolverine cosmetics are now in the shop,New Deadpool and Wolverine cosmetics are now in the shop ,positive
Where the Logan in ‚ÄòDeadpool And Wolverine‚Äô could really come from.,Where the Logan in Deadpool And Wolverine could really come from. Like a lot of you guys i saw the Deadpool and Wolverine traile,positive
Why is the in-universe parody of Deadpool and Wolverine call Deadmule and Wolferine?,"Why is the in-universe parody of Deadpool and Wolverine call Deadmule and Wolferine? Like, the Deadmule part I get, but why chan",neutral
"Kevin Feige says ""if Avengers: Infinity War is a 9 and Avengers: Endgame is a 10, Deadpool & Wolverine is an 8 in terms of how i","Kevin Feige says ""if Avengers: Infinity War is a 9 and Avengers: Endgame is a 10, Deadpool & Wolverine is an 8 in terms of how i",neutral
Deadpool and Wolverine Cameos and other plot details,Deadpool and Wolverine Cameos and other plot details A bit scattered but a lot is in there ,negative
Deadpool and Wolverine theory: This version of Logan didn't kill Jean when he had the chance and she went full Dark Phoenix on t,Deadpool and Wolverine theory: This version of Logan didn't kill Jean when he had the chance and she went full Dark Phoenix on t,positive
"In Deadpool & Wolverine I don't know what happens because we couldn't get a babysitter and when we finally did, some daft bastar","In Deadpool & Wolverine I don't know what happens because we couldn't get a babysitter and when we finally did, some daft bastar",positive
Hulk's bed from Thor Ragnarok in the Deadpool and Wolverine trailer,Hulk's bed from Thor Ragnarok in the Deadpool and Wolverine trailer ,neutral
"In Deadpool and Wolverine, Antman died after attempting to go up Thanos' butthole to kill him. Although this is never stated in ","In Deadpool and Wolverine, Antman died after attempting to go up Thanos' butthole to kill him. Although this is never stated in ",positive
Spoiler for Deadpool and Wolverine,"Spoiler for Deadpool and Wolverine In the movie Deadpool and Wolverine they discuss the ""Anchor being"". When an anchor being die",positive
A behind the scenes photo of the stunt doubles from Deadpool and Wolverine ,A behind the scenes photo of the stunt doubles from Deadpool and Wolverine  ,negative
DEADPOOL AND WOLVERINE CAMEOS,DEADPOOL AND WOLVERINE CAMEOS ,neutral
Official statues of 'DEADPOOL and WOLVERINE' have been unveiled.,Official statues of 'DEADPOOL and WOLVERINE' have been unveiled. ,neutral
"Looks like $58M Friday for #DeadpoolAndWolverine, for $97M opening day. Uber strong audience' exits close to A+. Expecting $200-","Looks like $58M Friday for #DeadpoolAndWolverine, for $97M opening day. Uber strong audience' exits close to A+. Expecting $200-",positive
What are your headcanons after deadpool and wolverine?,What are your headcanons after deadpool and wolverine? ,neutral
Thoughts on Cassandra Nova being the main villain for Deadpool and Wolverine?,"Thoughts on Cassandra Nova being the main villain for Deadpool and Wolverine? Personally, I think its a little bit weird but I g",negative
"MyTimeToShineHello on X says the post-credits scene for 'Deadpool & Wolverine' is ""too good and mind-blowing"" but also says she'","MyTimeToShineHello on X says the post-credits scene for 'Deadpool & Wolverine' is ""too good and mind-blowing"" but also says she'",positive
Taylor's message for Hugh (and Ryan) ahead of Deadpool and Wolverine's release!,Taylor's message for Hugh (and Ryan) ahead of Deadpool and Wolverine's release! ,neutral
What if Michael B. Jordan appeared in place of Chris Evans as Human Torch in Deadpool and Wolverine? ,What if Michael B. Jordan appeared in place of Chris Evans as Human Torch in Deadpool and Wolverine?  ,neutral
